{
  "project_info": {
    "project_number": "671925080854",
    "project_id": "train-syoki",
    "storage_bucket": "train-syoki.appspot.com"
  },
  "client": [
    {
      "client_info": {
        "mobilesdk_app_id": "1:671925080854:android:2bbf2a1a75c53eba99b637",
        "android_client_info": {
          "package_name": "com.tannia.registration"
        }
      },
      "oauth_client": [
        {
          "client_id": "671925080854-pft2m0lvnqdvbknv7c92pd5d1i2jvnhv.apps.googleusercontent.com",
          "client_type": 3
        }
      ],
      "api_key": [
        {
          "current_key": "AIzaSyCukcJDb8_Clt-ucWUCxCZKP94rO4_vjAY"
        }
      ],
      "services": {
        "appinvite_service": {
          "other_platform_oauth_client": [
            {
              "client_id": "671925080854-pft2m0lvnqdvbknv7c92pd5d1i2jvnhv.apps.googleusercontent.com",
              "client_type": 3
            }
          ]
        }
      }
    }
  ],
  "configuration_version": "1"
}